"","WEDM","Food_prov","Food_prov_change","Gender","Literacy","Community_Group","Months_adequate_fp","Fish_change_quantity","Fish_change_species","Fish_change_size","Community","Cons_Intervention_gen","Devel_Intervention_gen","Fish_NTZ","FFS","CGRN_Miombo","CGRN_Mangrove","VSLA","Language","Religion","Mang_prohb","Apply_FFS","Mang_replant","Mang_select_extr"
"1","Decreased",0,NA,"Male",TRUE,TRUE,12,NA,NA,NA,"Manene",1,1,0,1,0,1,0,"Macua","Muslim",NA,1,"Members_of_household","We_dont cut"
"2","Same",1,"Improved","Female",FALSE,FALSE,8,NA,NA,NA,"Macogone",0,1,0,1,0,0,1,"Macua","Christian",NA,NA,NA,"We_dont cut"
"3","Increased",1,"Worsened","Female",FALSE,FALSE,11,"More","Less","Same","Macogone",0,1,0,1,0,0,1,"Macua","Christian",NA,NA,NA,"We_dont cut"
"4","Same",1,"Worsened","Male",TRUE,FALSE,11,NA,NA,NA,"Macogone",0,1,0,1,0,0,1,"Macua","Christian",NA,NA,NA,"We_dont cut"
"5",NA,1,"Worsened","Female",FALSE,FALSE,9,NA,NA,NA,"Macogone",0,1,0,1,0,0,1,"Koti","Muslim",NA,NA,NA,"We_dont cut"
"6","Same",1,"Worsened","Male",FALSE,FALSE,9,"More","Less","More","Macogone",0,1,0,1,0,0,1,"Koti","Muslim",0,NA,NA,"We_dont cut"
"7","Same",1,"Worsened","Male",TRUE,FALSE,9,"Less","Less","Less","Macogone",0,1,0,1,0,0,1,"Koti","Christian",0,0,NA,"We_dont cut"
"8","Increased",0,NA,"Male",TRUE,FALSE,12,"Less","More","Less","Macogone",0,1,0,1,0,0,1,"Macua","Muslim",0,0,NA,"We_dont cut"
"9","Same",0,NA,"Male",TRUE,FALSE,12,"More","Less","More","Macogone",0,1,0,1,0,0,1,"Koti","Christian",0,0,NA,"We_dont cut"
"10","Increased",0,NA,"Male",FALSE,FALSE,12,"Less","Less","Less","Macogone",0,1,0,1,0,0,1,"Macua","Christian",1,NA,NA,"We_dont cut"
"11","Increased",0,NA,"Male",TRUE,TRUE,12,NA,NA,NA,"Macogone",0,1,0,1,0,0,1,"Macua","Muslim",0,0,NA,"Members_of_household"
"12",NA,0,NA,"Male",FALSE,FALSE,12,NA,NA,NA,"Macogone",0,1,0,1,0,0,1,"Macua","Christian",NA,NA,NA,"We_dont cut"
"13","Increased",0,NA,"Male",FALSE,FALSE,12,NA,NA,NA,"Macogone",0,1,0,1,0,0,1,"Macua","Christian",0,0,NA,"We_cut_mangroves_but_non_selective"
"14","Same",0,NA,"Male",FALSE,FALSE,12,NA,NA,NA,"Macogone",0,1,0,1,0,0,1,"Koti","Muslim",0,NA,NA,"We_cut_mangroves_but_non_selective"
"15","Increased",0,NA,"Male",FALSE,TRUE,12,NA,NA,NA,"Macogone",0,1,0,1,0,0,1,"Macua","Christian",NA,1,NA,"We_dont cut"
"16","Decreased",1,"Stayed the same","Male",FALSE,FALSE,11,"More","More","More","Macogone",0,1,0,1,0,0,1,"Macua","Muslim",0,NA,NA,"We_cut_mangroves_but_non_selective"
"17","Increased",1,"Stayed the same","Male",TRUE,FALSE,11,"More","More","More","Macogone",0,1,0,1,0,0,1,"Macua","Christian",0,0,NA,"We_cut_mangroves_but_non_selective"
"18","Decreased",0,NA,"Male",FALSE,FALSE,12,NA,NA,NA,"Macogone",0,1,0,1,0,0,1,"Macua","Muslim",0,NA,NA,"We_cut_mangroves_but_non_selective"
"19","Same",0,NA,"Male",FALSE,FALSE,12,NA,NA,NA,"Macogone",0,1,0,1,0,0,1,"Macua","Christian",0,NA,NA,"Dont_know_what_select_extract_is"
"20","Same",0,NA,"Male",FALSE,FALSE,12,"Less","Less","Less","Macogone",0,1,0,1,0,0,1,"Macua","Muslim",1,NA,NA,"Dont_know_what_select_extract_is"
"21","Increased",0,NA,"Male",FALSE,FALSE,12,NA,NA,NA,"Macogone",0,1,0,1,0,0,1,"Macua","Muslim",NA,NA,NA,"Dont_know_what_select_extract_is"
"22","Same",0,NA,"Male",FALSE,FALSE,12,NA,NA,NA,"Macogone",0,1,0,1,0,0,1,"Macua","Muslim",NA,NA,NA,"Dont_know_what_select_extract_is"
"23","Same",0,NA,"Male",TRUE,TRUE,12,"Same","Same","Less","Macogone",0,1,0,1,0,0,1,"Macua","Muslim",1,NA,NA,"We_dont cut"
"24","Same",0,NA,"Male",TRUE,FALSE,12,NA,NA,NA,"Macogone",0,1,0,1,0,0,1,"Macua","Christian",NA,NA,NA,"Dont_know_what_select_extract_is"
"25","Same",0,NA,"Male",FALSE,FALSE,12,"Less","Less","Same","Macogone",0,1,0,1,0,0,1,"Macua","Muslim",1,NA,NA,"We_cut_mangroves_but_non_selective"
"26","Increased",0,NA,"Male",FALSE,TRUE,12,NA,NA,NA,"Macogone",0,1,0,1,0,0,1,"Macua","Muslim",NA,1,NA,"We_dont cut"
"27","Same",0,NA,"Male",TRUE,FALSE,12,"Less","More","More","Macogone",0,1,0,1,0,0,1,"Macua","Muslim",NA,0,NA,"Members_of_household"
"28","Increased",0,NA,"Male",FALSE,TRUE,12,NA,NA,NA,"Namiepe",1,1,0,1,1,0,1,"Macua","Muslim",NA,1,NA,"We_dont cut"
"29",NA,1,"Worsened","Female",FALSE,TRUE,5,NA,NA,NA,"Namiepe",1,1,0,1,1,0,1,"Macua","Muslim",NA,1,NA,"We_dont cut"
"30","Same",0,NA,"Male",FALSE,TRUE,12,NA,NA,NA,"Namiepe",1,1,0,1,1,0,1,"Macua","Christian",NA,1,"No_one_I_know","We_cut_mangroves_but_non_selective"
"31","Decreased",1,"Worsened","Male",TRUE,TRUE,10,NA,NA,NA,"Namiepe",1,1,0,1,1,0,1,"Macua","Christian",NA,0,NA,"We_dont cut"
"32","Decreased",0,NA,"Male",TRUE,TRUE,12,NA,NA,NA,"Namiepe",1,1,0,1,1,0,1,"Macua","Athiest",0,NA,NA,"We_cut_mangroves_but_non_selective"
"33","Same",0,NA,"Male",FALSE,TRUE,12,NA,NA,NA,"Macogone",0,1,0,1,0,0,1,"Macua","Christian",0,1,NA,"Dont_know_what_select_extract_is"
"34","Same",0,NA,"Male",FALSE,FALSE,12,"More","More","More","Macogone",0,1,0,1,0,0,1,"Macua","Muslim",0,NA,NA,"Dont_know_what_select_extract_is"
"35","Same",1,"Stayed the same","Male",TRUE,FALSE,9,NA,NA,NA,"Macogone",0,1,0,1,0,0,1,"Macua","Christian",0,NA,NA,"We_dont cut"
"36","Same",0,NA,"Male",FALSE,FALSE,12,"Less","Less","Less","Macogone",0,1,0,1,0,0,1,"Macua","Muslim",0,NA,NA,"Dont_know_what_select_extract_is"
"37","Increased",0,NA,"Male",FALSE,FALSE,12,NA,NA,NA,"Macogone",0,1,0,1,0,0,1,"Macua","Muslim",0,NA,NA,"We_cut_mangroves_but_non_selective"
"38","Same",1,"Stayed the same","Male",TRUE,FALSE,11,"More","More","Less","Macogone",0,1,0,1,0,0,1,"Macua","Christian",0,0,NA,"We_cut_mangroves_but_non_selective"
"39","Same",0,NA,"Male",TRUE,FALSE,12,"Less","Less","Less","Macogone",0,1,0,1,0,0,1,"Macua","Christian",NA,0,NA,"We_dont cut"
"40","Decreased",0,NA,"Male",TRUE,FALSE,12,NA,NA,NA,"Macogone",0,1,0,1,0,0,1,"Macua","Muslim",0,NA,NA,"We_cut_mangroves_but_non_selective"
"41","Same",0,NA,"Male",FALSE,TRUE,12,"Less","Less","Less","Namiepe",1,1,0,1,1,0,1,"Koti","Christian",0,1,NA,"We_dont cut"
"42","Same",0,NA,"Male",FALSE,TRUE,12,"Less","Less","Less","Namiepe",1,1,0,1,1,0,1,"Macua","Muslim",NA,0,NA,"We_dont cut"
"43","Same",0,NA,"Female",FALSE,FALSE,12,"Less","Less","Less","Namiepe",1,1,0,1,1,0,1,"Koti","Muslim",NA,NA,"No_one_I_know","We_dont cut"
"44","Same",0,NA,"Male",FALSE,TRUE,12,NA,NA,NA,"Namiepe",1,1,0,1,1,0,1,"Koti","Christian",NA,1,NA,"We_dont cut"
"45",NA,0,NA,"Female",FALSE,FALSE,12,NA,NA,NA,"Namiepe",1,1,0,1,1,0,1,"Macua","Christian",NA,NA,NA,"We_dont cut"
"46","Increased",0,NA,"Male",TRUE,FALSE,12,NA,NA,NA,"Namiepe",1,1,0,1,1,0,1,"Macua","Muslim",NA,NA,NA,"We_dont cut"
"47","Increased",0,NA,"Male",TRUE,FALSE,12,NA,NA,NA,"Namiepe",1,1,0,1,1,0,1,"Macua","Muslim",NA,NA,NA,"We_dont cut"
"48",NA,1,"Stayed the same","Female",FALSE,FALSE,11,NA,NA,NA,"Namiepe",1,1,0,1,1,0,1,"Macua","Christian",NA,NA,NA,"We_dont cut"
"49","Same",1,"Stayed the same","Male",FALSE,TRUE,11,NA,NA,NA,"Namiepe",1,1,0,1,1,0,1,"Macua","Muslim",NA,NA,NA,"We_dont cut"
"50","Increased",0,NA,"Male",TRUE,TRUE,12,"More","Less","More","Macogone",0,1,0,1,0,0,1,"Koti","Muslim",0,0,NA,"We_dont cut"
"51","Same",1,"Worsened","Male",TRUE,FALSE,9,NA,NA,NA,"Macogone",0,1,0,1,0,0,1,"Koti","Muslim",NA,0,NA,"We_dont cut"
"52",NA,0,NA,"Male",TRUE,FALSE,12,"Less","Less","Less","Macogone",0,1,0,1,0,0,1,"Koti","Muslim",0,NA,NA,"We_cut_mangroves_but_non_selective"
"53","Same",0,NA,"Male",FALSE,FALSE,12,NA,NA,NA,"Macogone",0,1,0,1,0,0,1,"Koti","Muslim",NA,0,NA,"We_dont cut"
"54","Decreased",0,NA,"Male",FALSE,FALSE,12,NA,NA,NA,"Macogone",0,1,0,1,0,0,1,"Macua","Christian",0,NA,NA,"We_cut_mangroves_but_non_selective"
"55","Decreased",1,"Improved","Male",TRUE,FALSE,10,"Same","Same","More","Macogone",0,1,0,1,0,0,1,"Macua","Muslim",0,NA,NA,"We_cut_mangroves_but_non_selective"
"56","Decreased",0,NA,"Male",TRUE,FALSE,12,NA,NA,NA,"Macogone",0,1,0,1,0,0,1,"Macua","Muslim",0,NA,NA,"We_cut_mangroves_but_non_selective"
"57","Same",0,NA,"Male",FALSE,FALSE,12,"Same","Less","Less","Macogone",0,1,0,1,0,0,1,"Macua","Muslim",1,0,NA,"We_cut_mangroves_but_non_selective"
"58","Increased",1,"Worsened","Male",FALSE,FALSE,10,NA,NA,NA,"Macogone",0,1,0,1,0,0,1,"Macua","Muslim",NA,0,NA,"We_dont cut"
"59","Same",0,NA,"Male",TRUE,TRUE,12,NA,NA,NA,"Macogone",0,1,0,1,0,0,1,"Macua","Muslim",NA,1,NA,"We_dont cut"
"60","Decreased",0,NA,"Male",TRUE,FALSE,12,NA,NA,NA,"Macogone",0,1,0,1,0,0,1,"Macua","Muslim",NA,0,NA,"Members_of_household"
"61","Increased",0,NA,"Female",FALSE,FALSE,12,NA,NA,NA,"Macogone",0,1,0,1,0,0,1,"Macua","Muslim",NA,NA,NA,"Dont_know_what_select_extract_is"
"62","Increased",1,"Worsened","Male",FALSE,FALSE,9,NA,NA,NA,"Macogone",0,1,0,1,0,0,1,"Macua","Muslim",NA,0,NA,"Dont_know_what_select_extract_is"
"63","Same",0,NA,"Male",TRUE,FALSE,12,NA,NA,NA,"Macogone",0,1,0,1,0,0,1,"Macua","Christian",NA,NA,NA,"Dont_know_what_select_extract_is"
"64","Same",1,"Worsened","Male",TRUE,TRUE,9,NA,NA,NA,"Macogone",0,1,0,1,0,0,1,"Macua","Muslim",0,0,"I_participated","We_cut_mangroves_but_non_selective"
"65","Same",0,NA,"Male",TRUE,TRUE,12,"Same","Same","Less","Macogone",0,1,0,1,0,0,1,"Macua","Christian",NA,0,NA,"We_dont cut"
"66","Increased",0,NA,"Male",FALSE,FALSE,12,NA,NA,NA,"Macogone",0,1,0,1,0,0,1,"Macua","Muslim",NA,NA,NA,"I_practice"
"67","Same",0,NA,"Male",FALSE,TRUE,12,NA,NA,NA,"Macogone",0,1,0,1,0,0,1,"Macua","Muslim",0,NA,NA,"We_dont cut"
"68","Increased",0,NA,"Male",TRUE,FALSE,12,"Less","Less","Less","Macogone",0,1,0,1,0,0,1,"Macua","Christian",0,1,"No_one_I_know","I_practice"
"69","Increased",0,NA,"Male",FALSE,TRUE,12,NA,NA,NA,"Namame",0,1,0,1,0,0,1,"Macua","Muslim",NA,1,NA,"We_dont cut"
"70","Same",0,NA,"Male",TRUE,FALSE,12,NA,NA,NA,"Namame",0,1,0,1,0,0,1,"Macua","Muslim",NA,0,NA,"We_dont cut"
"71","Same",0,NA,"Male",TRUE,FALSE,12,NA,NA,NA,"Namame",0,1,0,1,0,0,1,"Macua","Muslim",NA,0,NA,"Members_of_household"
"72","Same",0,NA,"Male",FALSE,TRUE,12,NA,NA,NA,"Namame",0,1,0,1,0,0,1,"Macua","Muslim",NA,1,NA,"We_dont cut"
"73",NA,0,NA,"Female",FALSE,TRUE,12,NA,NA,NA,"Namame",0,1,0,1,0,0,1,"Macua","Muslim",NA,1,NA,"Members_of_household"
"74","Same",0,NA,"Male",TRUE,FALSE,12,NA,NA,NA,"Namame",0,1,0,1,0,0,1,"Macua","Muslim",0,0,NA,"We_cut_mangroves_but_non_selective"
"75","Same",1,"Improved","Male",TRUE,TRUE,10,NA,NA,NA,"Namame",0,1,0,1,0,0,1,"Macua","Muslim",0,1,"No_one_I_know","Dont_know_what_select_extract_is"
"76","Increased",1,"Worsened","Male",TRUE,TRUE,9,"More","More","More","Namame",0,1,0,1,0,0,1,"Macua","Muslim",NA,0,NA,"We_cut_mangroves_but_non_selective"
"77",NA,0,NA,"Female",FALSE,FALSE,12,NA,NA,NA,"Namame",0,1,0,1,0,0,1,"Macua","Christian",NA,NA,NA,"We_dont cut"
"78","Same",0,NA,"Male",FALSE,FALSE,12,NA,NA,NA,"Namame",0,1,0,1,0,0,1,"Koti","Muslim",0,NA,NA,"I_practice"
"79","Same",1,"Worsened","Male",FALSE,FALSE,9,NA,NA,NA,"Namame",0,1,0,1,0,0,1,"Koti","Muslim",NA,NA,NA,"Dont_know_what_select_extract_is"
"80","Same",1,"Stayed the same","Male",FALSE,FALSE,8,NA,NA,NA,"Namame",0,1,0,1,0,0,1,"Koti","Christian",NA,NA,NA,"We_dont cut"
"81","Same",1,"Worsened","Male",FALSE,FALSE,9,NA,NA,NA,"Namame",0,1,0,1,0,0,1,"Koti","Christian",0,1,NA,"We_dont cut"
"82","Same",0,NA,"Male",TRUE,FALSE,12,NA,NA,NA,"Namame",0,1,0,1,0,0,1,"Macua","Muslim",NA,NA,NA,"We_dont cut"
"83","Increased",1,"Stayed the same","Male",TRUE,FALSE,9,NA,NA,NA,"Namame",0,1,0,1,0,0,1,"Macua","Christian",NA,NA,NA,"We_dont cut"
"84","Increased",0,NA,"Male",FALSE,TRUE,12,NA,NA,NA,"Namame",0,1,0,1,0,0,1,"Koti","Christian",NA,NA,NA,"We_dont cut"
"85","Increased",0,NA,"Male",FALSE,FALSE,12,"Less","Less","Less","Namame",0,1,0,1,0,0,1,"Koti","Christian",0,NA,NA,"We_dont cut"
"86","Decreased",0,NA,"Male",FALSE,FALSE,12,NA,NA,NA,"Namame",0,1,0,1,0,0,1,"Koti","Muslim",NA,1,NA,"We_dont cut"
"87","Same",0,NA,"Male",FALSE,TRUE,12,NA,NA,NA,"Namame",0,1,0,1,0,0,1,"Macua","Muslim",NA,NA,NA,"Dont_know_what_select_extract_is"
"88","Decreased",0,NA,"Male",TRUE,TRUE,12,NA,NA,NA,"Namame",0,1,0,1,0,0,1,"Macua","Muslim",NA,NA,NA,"Dont_know_what_select_extract_is"
"89","Same",1,"Worsened","Male",FALSE,TRUE,7,NA,NA,NA,"Namame",0,1,0,1,0,0,1,"Macua","Muslim",NA,NA,NA,"Dont_know_what_select_extract_is"
"90","Decreased",1,"Worsened","Male",TRUE,FALSE,9,NA,NA,NA,"Namame",0,1,0,1,0,0,1,"Koti","Muslim",NA,NA,NA,"Dont_know_what_select_extract_is"
"91","Same",0,NA,"Male",TRUE,FALSE,12,NA,NA,NA,"Nauluco",0,1,0,0,0,0,0,"Macua","Muslim",NA,NA,NA,"Members_of_household"
"92","Increased",1,"Stayed the same","Male",TRUE,FALSE,9,NA,NA,NA,"Nauluco",0,1,0,0,0,0,0,"Macua","Muslim",NA,NA,NA,"We_dont cut"
"93","Increased",0,NA,"Male",FALSE,TRUE,12,NA,NA,NA,"Nauluco",0,1,0,0,0,0,0,"Macua","Muslim",NA,0,NA,"Dont_know_what_select_extract_is"
"94","Increased",1,"Worsened","Male",FALSE,TRUE,9,NA,NA,NA,"Nauluco",0,1,0,0,0,0,0,"Macua","Muslim",NA,0,NA,"We_cut_mangroves_but_non_selective"
"95","Increased",0,NA,"Male",FALSE,FALSE,12,NA,NA,NA,"Nauluco",0,1,0,0,0,0,0,"Macua","Muslim",NA,NA,NA,"We_dont cut"
"96","Increased",0,NA,"Male",FALSE,FALSE,12,"More","Less","More","Nauluco",0,1,0,0,0,0,0,"Macua","Christian",0,NA,"I_participated","We_cut_mangroves_but_non_selective"
"97","Same",1,"Worsened","Female",FALSE,FALSE,9,NA,NA,NA,"Nauluco",0,1,0,0,0,0,0,"Macua","Christian",NA,NA,NA,"We_dont cut"
"98","Decreased",1,"Worsened","Male",TRUE,FALSE,9,"Less","Less","Less","Mingolene",1,0,1,0,0,1,0,"Macua","Athiest",0,NA,NA,"We_cut_mangroves_but_non_selective"
"99","Same",0,NA,"Male",FALSE,TRUE,12,"Less","Less","Less","Mingolene",1,0,1,0,0,1,0,"Macua","Muslim",1,NA,"People_in_community","We_cut_mangroves_but_non_selective"
"100","Same",1,"Worsened","Female",FALSE,FALSE,9,NA,NA,NA,"Mingolene",1,0,1,0,0,1,0,"Macua","Muslim",NA,NA,NA,"We_dont cut"
"101","Same",1,"Stayed the same","Male",FALSE,TRUE,7,NA,NA,NA,"Nauluco",0,1,0,0,0,0,0,"Macua","Muslim",NA,NA,NA,"Members_of_household"
"102","Same",1,"Stayed the same","Male",FALSE,FALSE,8,NA,NA,NA,"Namame",0,1,0,1,0,0,1,"Koti","Muslim",0,NA,NA,"Dont_know_what_select_extract_is"
"103","Same",1,"Worsened","Male",TRUE,TRUE,8,"More","More","More","Namame",0,1,0,1,0,0,1,"Macua","Muslim",1,1,"I_participated","I_practice"
"104","Same",0,NA,"Male",FALSE,FALSE,12,"More","More","More","Mingolene",1,0,1,0,0,1,0,"Koti","Other",1,0,NA,"We_dont cut"
"105","Same",0,NA,"Male",FALSE,TRUE,12,"Same","Same","Same","Namame",0,1,0,1,0,0,1,"Koti","Muslim",0,0,NA,"We_cut_mangroves_but_non_selective"
"106","Same",0,NA,"Male",FALSE,FALSE,12,NA,NA,NA,"Namame",0,1,0,1,0,0,1,"Koti","Muslim",NA,NA,NA,"We_dont cut"
"107","Same",0,NA,"Male",FALSE,FALSE,12,"Less","Same","Same","Namame",0,1,0,1,0,0,1,"Koti","Muslim",0,NA,"People_in_community","I_practice"
"108","Increased",1,"Stayed the same","Male",TRUE,FALSE,11,"Less","Less","More","Namame",0,1,0,1,0,0,1,"Koti","Christian",0,NA,NA,"We_dont cut"
"109","Same",0,NA,"Male",FALSE,TRUE,12,"Same","Same","Same","Namame",0,1,0,1,0,0,1,"Koti","Muslim",0,1,NA,"We_dont cut"
"110","Same",0,NA,"Male",FALSE,FALSE,12,"Same","Less","Same","Namame",0,1,0,1,0,0,1,"Koti","Muslim",0,NA,"I_participated","Dont_know_what_select_extract_is"
"111","Same",1,"Worsened","Female",FALSE,TRUE,9,NA,NA,NA,"Namame",0,1,0,1,0,0,1,"Macua","Muslim",NA,NA,NA,"We_dont cut"
"112","Decreased",1,"Worsened","Male",FALSE,FALSE,3,NA,NA,NA,"Nauluco",0,1,0,0,0,0,0,"Macua","Christian",NA,NA,NA,"Dont_know_what_select_extract_is"
"113","Same",0,NA,"Female",FALSE,FALSE,12,NA,NA,NA,"Mingolene",1,0,1,0,0,1,0,"Koti","Muslim",NA,NA,NA,"We_dont cut"
"114","Same",0,NA,"Male",FALSE,FALSE,12,NA,NA,NA,"Nauluco",0,1,0,0,0,0,0,"Macua","Muslim",NA,NA,NA,"We_dont cut"
"115","Same",0,NA,"Male",FALSE,FALSE,12,"More","More","More","Mingolene",1,0,1,0,0,1,0,"Koti","Muslim",0,0,NA,"We_dont cut"
"116","Same",0,NA,"Male",TRUE,TRUE,12,NA,NA,NA,"Nauluco",0,1,0,0,0,0,0,"Koti","Muslim",NA,NA,NA,"We_dont cut"
"117","Increased",1,"Worsened","Male",FALSE,FALSE,9,NA,NA,NA,"Namame",0,1,0,1,0,0,1,"Koti","Muslim",NA,NA,NA,"We_dont cut"
"118","Same",0,NA,"Male",TRUE,FALSE,12,NA,NA,NA,"Nauluco",0,1,0,0,0,0,0,"Macua","Christian",NA,NA,NA,"We_dont cut"
"119","Decreased",0,NA,"Male",TRUE,TRUE,12,"More","More","Less","Namame",0,1,0,1,0,0,1,"Macua","Muslim",NA,NA,NA,"Dont_know_what_select_extract_is"
"120","Increased",0,NA,"Male",FALSE,FALSE,12,"Less","Less","Less","Namame",0,1,0,1,0,0,1,"Macua","Muslim",0,NA,NA,"We_dont cut"
"121","Same",1,"Worsened","Male",FALSE,TRUE,9,"More","More","More","Namame",0,1,0,1,0,0,1,"Koti","Muslim",0,1,"I_participated","We_dont cut"
"122","Increased",0,NA,"Male",FALSE,TRUE,12,"Same","Same","Same","Namame",0,1,0,1,0,0,1,"Koti","Athiest",0,0,"No_one_I_know","We_cut_mangroves_but_non_selective"
"123","Same",0,NA,"Male",TRUE,FALSE,12,"Less","Less","Less","Namame",0,1,0,1,0,0,1,"Macua","Muslim",1,NA,NA,"I_practice"
"124","Increased",0,NA,"Male",FALSE,FALSE,12,NA,NA,NA,"Namame",0,1,0,1,0,0,1,"Macua","Muslim",NA,NA,NA,"We_dont cut"
"125","Increased",0,NA,"Male",FALSE,TRUE,12,"Same","Same","Same","Namame",0,1,0,1,0,0,1,"Macua","Muslim",0,1,"No_one_I_know","We_cut_mangroves_but_non_selective"
"126","Increased",0,NA,"Male",FALSE,FALSE,12,NA,NA,NA,"Namame",0,1,0,1,0,0,1,"Koti","Muslim",0,1,"No_one_I_know","I_practice"
"127","Same",0,NA,"Male",FALSE,FALSE,12,"Less","Same","Same","Namame",0,1,0,1,0,0,1,"Macua","Christian",0,0,"No_one_I_know","We_dont cut"
"128",NA,1,"Stayed the same","Female",FALSE,FALSE,8,NA,NA,NA,"Namame",0,1,0,1,0,0,1,"Macua","Christian",NA,NA,NA,"We_dont cut"
"129","Same",0,NA,"Male",TRUE,FALSE,12,NA,NA,NA,"Namame",0,1,0,1,0,0,1,"Macua","Muslim",NA,0,NA,"We_dont cut"
"130","Increased",0,NA,"Male",TRUE,FALSE,12,NA,NA,NA,"Namame",0,1,0,1,0,0,1,"Macua","Muslim",NA,0,NA,"We_dont cut"
"131","Same",0,NA,"Male",TRUE,FALSE,12,NA,NA,NA,"Nauluco",0,1,0,0,0,0,0,"Koti","Muslim",NA,NA,NA,"We_dont cut"
"132","Same",0,NA,"Female",FALSE,FALSE,12,NA,NA,NA,"Nauluco",0,1,0,0,0,0,0,"Macua","Muslim",NA,NA,NA,"Dont_know_what_select_extract_is"
"133","Same",0,NA,"Male",FALSE,FALSE,12,NA,NA,NA,"Nauluco",0,1,0,0,0,0,0,"Macua","Muslim",NA,0,NA,"We_dont cut"
"134","Same",0,NA,"Male",FALSE,FALSE,12,"Less","More","More","Namame",0,1,0,1,0,0,1,"Koti","Muslim",1,1,NA,"I_practice"
"135","Same",0,NA,"Male",FALSE,FALSE,12,"Less","Less","Less","Namame",0,1,0,1,0,0,1,"Koti","Muslim",NA,0,NA,"We_dont cut"
"136","Increased",1,"Worsened","Male",TRUE,FALSE,10,"More","More","More","Namame",0,1,0,1,0,0,1,"Koti","Muslim",0,1,"I_participated","I_practice"
"137",NA,1,"Worsened","Female",FALSE,FALSE,8,NA,NA,NA,"Namame",0,1,0,1,0,0,1,"Koti","Muslim",NA,NA,NA,"We_dont cut"
"138","Same",0,NA,"Female",FALSE,TRUE,12,NA,NA,NA,"Namame",0,1,0,1,0,0,1,"Koti","Muslim",NA,NA,NA,"Dont_know_what_select_extract_is"
"139","Same",0,NA,"Male",TRUE,FALSE,12,NA,NA,NA,"Namame",0,1,0,1,0,0,1,"Macua","Muslim",NA,0,"No_one_I_know","We_dont cut"
"140","Decreased",0,NA,"Male",FALSE,TRUE,12,"More","More","More","Mingolene",1,0,1,0,0,1,0,"Macua","Muslim",1,1,"People_in_community","Members_of_household"
"141","Increased",0,NA,"Male",FALSE,TRUE,12,"More","More","More","Mingolene",1,0,1,0,0,1,0,"Macua","Athiest",1,NA,NA,"We_cut_mangroves_but_non_selective"
"142",NA,1,"Worsened","Female",FALSE,TRUE,11,NA,NA,NA,"Mingolene",1,0,1,0,0,1,0,"Macua","Muslim",1,NA,NA,"We_cut_mangroves_but_non_selective"
"143","Same",0,NA,"Male",FALSE,TRUE,12,"Less","Less","More","Pulizica",1,0,1,0,0,1,0,"Koti","Traditional_beliefs",NA,NA,NA,"Dont_know_what_select_extract_is"
"144","Same",0,NA,"Male",FALSE,FALSE,12,"Less","Less","Less","Pulizica",1,0,1,0,0,1,0,"Koti","Muslim",0,NA,NA,"We_dont cut"
"145","Increased",0,NA,"Male",TRUE,FALSE,12,"Less","Less","Less","Pulizica",1,0,1,0,0,1,0,"Koti","Muslim",0,NA,NA,"We_cut_mangroves_but_non_selective"
"146","Same",1,"Improved","Male",TRUE,TRUE,11,NA,NA,NA,"Nauluco",0,1,0,0,0,0,0,"Macua","Muslim",NA,0,NA,"We_dont cut"
"147","Increased",0,NA,"Male",FALSE,FALSE,12,"Less","Less","Less","Corane",1,1,1,1,1,1,0,"Macua","Muslim",1,1,NA,"I_practice"
"148","Increased",0,NA,"Male",FALSE,TRUE,12,"Less","Less","Less","Corane",1,1,1,1,1,1,0,"Macua","Christian",1,1,"No_one_I_know","I_practice"
"149","Increased",0,NA,"Male",TRUE,FALSE,12,NA,NA,NA,"Corane",1,1,1,1,1,1,0,"Macua","Christian",0,0,NA,"We_dont cut"
"150","Increased",0,NA,"Male",FALSE,TRUE,12,NA,NA,NA,"Corane",1,1,1,1,1,1,0,"Macua","Christian",1,1,"No_one_I_know","Members_of_household"
"151","Increased",0,NA,"Male",TRUE,TRUE,12,NA,NA,NA,"Corane",1,1,1,1,1,1,0,"Macua","Muslim",NA,1,"I_participated","We_dont cut"
"152","Increased",0,NA,"Male",TRUE,TRUE,12,NA,NA,NA,"Corane",1,1,1,1,1,1,0,"Macua","Muslim",0,1,"I_participated","I_practice"
"153","Decreased",0,NA,"Male",FALSE,TRUE,12,"More","More","More","Corane",1,1,1,1,1,1,0,"Macua","Christian",0,1,"I_participated","I_practice"
"154","Same",1,"Worsened","Male",TRUE,TRUE,11,NA,NA,NA,"Corane",1,1,1,1,1,1,0,"Macua","Christian",NA,1,NA,"Members_of_household"
"155","Decreased",0,NA,"Male",FALSE,TRUE,12,NA,NA,NA,"Corane",1,1,1,1,1,1,0,"Macua","Muslim",0,1,"I_participated","I_practice"
"156","Increased",1,"Stayed the same","Female",TRUE,FALSE,10,"More","More","More","Corane",1,1,1,1,1,1,0,"Macua","Christian",0,0,NA,"We_cut_mangroves_but_non_selective"
"157","Decreased",1,"Worsened","Male",FALSE,FALSE,11,NA,NA,NA,"Corane",1,1,1,1,1,1,0,"Macua","Muslim",0,1,NA,"We_cut_mangroves_but_non_selective"
"158","Decreased",0,NA,"Male",TRUE,FALSE,12,NA,NA,NA,"Corane",1,1,1,1,1,1,0,"Macua","Christian",0,1,NA,"We_cut_mangroves_but_non_selective"
"159","Decreased",0,NA,"Male",FALSE,FALSE,12,NA,NA,NA,"Corane",1,1,1,1,1,1,0,"Macua","Muslim",0,1,NA,"We_cut_mangroves_but_non_selective"
"160","Same",0,NA,"Male",FALSE,TRUE,12,"Same","Same","Same","Corane",1,1,1,1,1,1,0,"Koti","Muslim",0,1,"People_in_community","Dont_know_what_select_extract_is"
"161","Same",0,NA,"Male",FALSE,FALSE,12,NA,NA,NA,"Corane",1,1,1,1,1,1,0,"Koti","Christian",NA,NA,NA,"We_dont cut"
"162","Same",1,"Worsened","Male",TRUE,FALSE,9,NA,NA,NA,"Manene",1,1,0,1,0,1,0,"Koti","Christian",NA,NA,NA,"We_dont cut"
"163","Same",1,"Worsened","Male",TRUE,TRUE,9,NA,NA,NA,"Manene",1,1,0,1,0,1,0,"Koti","Christian",NA,NA,NA,"We_dont cut"
"164","Increased",1,"Worsened","Male",TRUE,TRUE,11,NA,NA,NA,"Manene",1,1,0,1,0,1,0,"Macua","Muslim",NA,0,"People_in_community","Dont_know_what_select_extract_is"
"165","Same",0,NA,"Female",FALSE,FALSE,12,NA,NA,NA,"Manene",1,1,0,1,0,1,0,"Macua","Muslim",NA,NA,NA,"Dont_know_what_select_extract_is"
"166","Same",0,NA,"Female",FALSE,FALSE,12,NA,NA,NA,"Manene",1,1,0,1,0,1,0,"Macua","Muslim",NA,NA,NA,"Dont_know_what_select_extract_is"
"167","Increased",1,"Worsened","Male",FALSE,FALSE,11,NA,NA,NA,"Manene",1,1,0,1,0,1,0,"Macua","Muslim",NA,NA,NA,"Dont_know_what_select_extract_is"
"168","Same",1,"Improved","Male",FALSE,TRUE,10,NA,NA,NA,"Manene",1,1,0,1,0,1,0,"Macua","Muslim",NA,NA,NA,"We_dont cut"
"169","Same",0,NA,"Male",FALSE,FALSE,12,NA,NA,NA,"Manene",1,1,0,1,0,1,0,"Macua","Muslim",NA,NA,NA,"We_dont cut"
"170","Increased",1,"Worsened","Male",TRUE,FALSE,10,NA,NA,NA,"Manene",1,1,0,1,0,1,0,"Macua","Muslim",NA,0,"People_in_community","We_dont cut"
"171",NA,0,NA,"Male",TRUE,FALSE,12,NA,NA,NA,"Manene",1,1,0,1,0,1,0,"Macua","Christian",NA,NA,NA,"We_dont cut"
"172","Increased",0,NA,"Male",TRUE,TRUE,12,NA,NA,NA,"Manene",1,1,0,1,0,1,0,"Macua","Christian",NA,0,NA,"We_dont cut"
"173","Increased",0,NA,"Male",FALSE,TRUE,12,NA,NA,NA,"Manene",1,1,0,1,0,1,0,"Macua","Christian",0,NA,NA,"Members_of_household"
"174","Increased",1,"Stayed the same","Male",FALSE,FALSE,10,NA,NA,NA,"Manene",1,1,0,1,0,1,0,"Macua","Muslim",0,NA,NA,"I_practice"
"175","Increased",0,NA,"Male",FALSE,FALSE,12,NA,NA,NA,"Manene",1,1,0,1,0,1,0,"Macua","Muslim",0,NA,NA,"We_cut_mangroves_but_non_selective"
"176","Increased",1,"Improved","Male",FALSE,FALSE,11,NA,NA,NA,"Manene",1,1,0,1,0,1,0,"Macua","Christian",0,NA,NA,"Members_of_household"
"177","Same",0,NA,"Female",FALSE,FALSE,12,NA,NA,NA,"Manene",1,1,0,1,0,1,0,"Koti","Muslim",NA,NA,NA,"We_dont cut"
"178","Increased",0,NA,"Female",FALSE,FALSE,12,NA,NA,NA,"Manene",1,1,0,1,0,1,0,"Koti","Muslim",NA,0,NA,"We_dont cut"
"179","Increased",0,NA,"Male",FALSE,FALSE,12,NA,NA,NA,"Manene",1,1,0,1,0,1,0,"Macua","Muslim",NA,NA,NA,"Dont_know_what_select_extract_is"
"180","Same",0,NA,"Male",TRUE,TRUE,12,NA,NA,NA,"Manene",1,1,0,1,0,1,0,"Macua","Muslim",NA,NA,NA,"Dont_know_what_select_extract_is"
"181","Increased",1,"Worsened","Male",FALSE,TRUE,10,NA,NA,NA,"Manene",1,1,0,1,0,1,0,"Macua","Muslim",NA,1,NA,"Dont_know_what_select_extract_is"
"182","Same",1,"Worsened","Male",TRUE,TRUE,10,NA,NA,NA,"Manene",1,1,0,1,0,1,0,"Macua","Christian",NA,0,NA,"We_dont cut"
"183","Increased",0,NA,"Male",FALSE,TRUE,12,NA,NA,NA,"Manene",1,1,0,1,0,1,0,"Macua","Muslim",NA,0,NA,"We_dont cut"
"184","Increased",0,NA,"Male",TRUE,TRUE,12,NA,NA,NA,"Manene",1,1,0,1,0,1,0,"Macua","Muslim",NA,1,NA,"We_dont cut"
"185","Same",0,NA,"Male",TRUE,TRUE,12,"Less","More","Less","Corane",1,1,1,1,1,1,0,"Koti","Muslim",0,NA,"People_in_community","We_dont cut"
"186","Same",0,NA,"Male",TRUE,TRUE,12,"More","Less","Less","Corane",1,1,1,1,1,1,0,"Koti","Muslim",NA,0,"No_one_I_know","We_dont cut"
"187","Same",1,"Worsened","Male",TRUE,FALSE,9,"Less","Less","Less","Corane",1,1,1,1,1,1,0,"Koti","Christian",NA,NA,NA,"We_dont cut"
"188","Increased",0,NA,"Male",TRUE,TRUE,12,"Less","More","Less","Corane",1,1,1,1,1,1,0,"Koti","Christian",0,0,"People_in_community","We_dont cut"
"189","Same",0,NA,"Male",TRUE,FALSE,12,NA,NA,NA,"Corane",1,1,1,1,1,1,0,"Koti","Muslim",NA,0,NA,"We_dont cut"
"190","Increased",0,NA,"Male",TRUE,TRUE,12,"Less","More","Less","Corane",1,1,1,1,1,1,0,"Macua","Christian",NA,0,"People_in_community","We_dont cut"
"191","Increased",1,"Worsened","Female",FALSE,FALSE,8,NA,NA,NA,"Corane",1,1,1,1,1,1,0,"Koti","Christian",NA,NA,"People_in_community","We_dont cut"
"192",NA,1,"Worsened","Male",TRUE,FALSE,9,"More","Less","More","Corane",1,1,1,1,1,1,0,"Koti","Christian",0,0,"People_in_community","We_dont cut"
"193","Same",1,"Stayed the same","Male",FALSE,TRUE,11,NA,NA,NA,"Corane",1,1,1,1,1,1,0,"Macua","Muslim",1,1,"People_in_community","We_cut_mangroves_but_non_selective"
"194","Same",1,"Worsened","Female",FALSE,FALSE,2,NA,NA,NA,"Corane",1,1,1,1,1,1,0,"Macua","Muslim",1,NA,"I_participated","Members_of_household"
"195","Same",0,NA,"Male",FALSE,FALSE,12,NA,NA,NA,"Manene",1,1,0,1,0,1,0,"Macua","Muslim",NA,NA,NA,"We_dont cut"
"196","Increased",0,NA,"Male",TRUE,FALSE,12,NA,NA,NA,"Manene",1,1,0,1,0,1,0,"Macua","Muslim",NA,0,NA,"We_dont cut"
"197",NA,0,NA,"Male",FALSE,TRUE,12,NA,NA,NA,"Manene",1,1,0,1,0,1,0,"Macua","Muslim",NA,1,NA,"We_dont cut"
"198","Increased",0,NA,"Male",TRUE,FALSE,12,NA,NA,NA,"Manene",1,1,0,1,0,1,0,"Macua","Muslim",NA,0,NA,"We_dont cut"
"199","Same",0,NA,"Male",FALSE,FALSE,12,NA,NA,NA,"Manene",1,1,0,1,0,1,0,"Koti","Muslim",NA,NA,NA,"We_dont cut"
"200","Same",0,NA,"Male",TRUE,FALSE,12,NA,NA,NA,"Manene",1,1,0,1,0,1,0,"Koti","Muslim",NA,NA,NA,"We_dont cut"
"201","Increased",0,NA,"Female",FALSE,FALSE,12,NA,NA,NA,"Manene",1,1,0,1,0,1,0,"Koti","Muslim",NA,NA,NA,"We_dont cut"
"202","Same",0,NA,"Male",FALSE,FALSE,12,NA,NA,NA,"Manene",1,1,0,1,0,1,0,"Koti","Christian",NA,NA,NA,"We_dont cut"
"203","Same",0,NA,"Male",FALSE,FALSE,12,"Less","Less","Less","Manene",1,1,0,1,0,1,0,"Koti","Muslim",0,NA,"People_in_community","We_dont cut"
"204","Same",0,NA,"Male",FALSE,FALSE,12,NA,NA,NA,"Manene",1,1,0,1,0,1,0,"Koti","Muslim",NA,NA,NA,"We_dont cut"
"205","Same",0,NA,"Male",TRUE,TRUE,12,"More","Less","More","Manene",1,1,0,1,0,1,0,"Macua","Muslim",0,1,"People_in_community","We_dont cut"
"206","Same",1,"Worsened","Male",TRUE,FALSE,9,NA,NA,NA,"Manene",1,1,0,1,0,1,0,"Koti","Muslim",NA,0,NA,"We_dont cut"
"207","Same",1,"Worsened","Male",TRUE,TRUE,10,"Less","Less","Less","Manene",1,1,0,1,0,1,0,"Koti","Muslim",NA,1,NA,"Dont_know_what_select_extract_is"
"208","Same",0,NA,"Male",TRUE,FALSE,12,"More","Less","More","Manene",1,1,0,1,0,1,0,"Koti","Muslim",NA,1,"People_in_community","We_dont cut"
"209","Increased",1,"Worsened","Male",TRUE,TRUE,9,NA,NA,NA,"Manene",1,1,0,1,0,1,0,"Koti","Muslim",NA,1,"People_in_community","We_dont cut"
"210","Same",0,NA,"Male",TRUE,FALSE,12,NA,NA,NA,"Manene",1,1,0,1,0,1,0,"Macua","Muslim",NA,NA,NA,"We_dont cut"
"211","Increased",0,NA,"Male",TRUE,TRUE,12,NA,NA,NA,"Manene",1,1,0,1,0,1,0,"Macua","Muslim",NA,1,NA,"We_dont cut"
"212",NA,0,NA,"Male",FALSE,FALSE,12,NA,NA,NA,"Manene",1,1,0,1,0,1,0,"Macua","Athiest",NA,NA,NA,"We_dont cut"
"213","Increased",0,NA,"Male",TRUE,TRUE,12,NA,NA,NA,"Manene",1,1,0,1,0,1,0,"Macua","Muslim",NA,NA,NA,"We_dont cut"
"214",NA,0,NA,"Female",FALSE,FALSE,12,NA,NA,NA,"Manene",1,1,0,1,0,1,0,"Macua","Muslim",NA,NA,NA,"We_dont cut"
"215",NA,1,"Worsened","Female",FALSE,TRUE,5,NA,NA,NA,"Manene",1,1,0,1,0,1,0,"Macua","Muslim",0,1,"No_one_I_know","We_cut_mangroves_but_non_selective"
"216","Decreased",0,NA,"Male",FALSE,TRUE,12,NA,NA,NA,"Manene",1,1,0,1,0,1,0,"Macua","Muslim",0,1,NA,"We_cut_mangroves_but_non_selective"
"217","Decreased",0,NA,"Male",FALSE,TRUE,12,NA,NA,NA,"Manene",1,1,0,1,0,1,0,"Macua","Muslim",0,NA,NA,"Dont_know_what_select_extract_is"
"218","Decreased",1,"Stayed the same","Male",FALSE,FALSE,9,NA,NA,NA,"Manene",1,1,0,1,0,1,0,"Macua","Muslim",0,NA,NA,"We_cut_mangroves_but_non_selective"
"219","Decreased",0,NA,"Male",FALSE,FALSE,12,NA,NA,NA,"Manene",1,1,0,1,0,1,0,"Macua","Muslim",0,NA,NA,"We_cut_mangroves_but_non_selective"
"220","Increased",0,NA,"Male",FALSE,TRUE,12,NA,NA,NA,"Manene",1,1,0,1,0,1,0,"Macua","Muslim",0,1,"No_one_I_know","We_cut_mangroves_but_non_selective"
"221","Same",0,NA,"Male",FALSE,FALSE,12,NA,NA,NA,"Manene",1,1,0,1,0,1,0,"Macua","Christian",0,NA,NA,"Dont_know_what_select_extract_is"
"222","Same",1,"Worsened","Female",FALSE,FALSE,0,NA,NA,NA,"Manene",1,1,0,1,0,1,0,"Macua","Muslim",NA,NA,NA,"Dont_know_what_select_extract_is"
"223","Same",0,NA,"Male",TRUE,FALSE,12,NA,NA,NA,"Manene",1,1,0,1,0,1,0,"Macua","Muslim",NA,1,NA,"Dont_know_what_select_extract_is"
"224","Increased",0,NA,"Male",TRUE,TRUE,12,NA,NA,NA,"Manene",1,1,0,1,0,1,0,"Macua","Muslim",NA,1,NA,"Dont_know_what_select_extract_is"
"225","Decreased",0,NA,"Male",FALSE,FALSE,12,NA,NA,NA,"Manene",1,1,0,1,0,1,0,"Macua","Muslim",NA,NA,NA,"Dont_know_what_select_extract_is"
"226","Same",0,NA,"Male",FALSE,TRUE,12,NA,NA,NA,"Manene",1,1,0,1,0,1,0,"Macua","Muslim",0,1,NA,"Dont_know_what_select_extract_is"
"227","Same",0,NA,"Male",FALSE,FALSE,12,NA,NA,NA,"Manene",1,1,0,1,0,1,0,"Macua","Muslim",NA,0,NA,"We_dont cut"
"228","Same",1,"Worsened","Male",TRUE,TRUE,9,NA,NA,NA,"Manene",1,1,0,1,0,1,0,"Macua","Muslim",NA,1,NA,"We_dont cut"
"229","Increased",0,NA,"Male",FALSE,TRUE,12,NA,NA,NA,"Manene",1,1,0,1,0,1,0,"Macua","Muslim",NA,1,NA,"We_dont cut"
"230","Same",0,NA,"Male",TRUE,FALSE,12,NA,NA,NA,"Manene",1,1,0,1,0,1,0,"Macua","Muslim",NA,0,NA,"Members_of_household"
"231","Same",0,NA,"Male",FALSE,FALSE,12,NA,NA,NA,"Manene",1,1,0,1,0,1,0,"Macua","Muslim",NA,0,NA,"We_dont cut"
"232","Decreased",0,NA,"Male",TRUE,FALSE,12,NA,NA,NA,"Manene",1,1,0,1,0,1,0,"Macua","Muslim",NA,0,NA,"We_dont cut"
"233",NA,0,NA,"Female",FALSE,FALSE,12,NA,NA,NA,"Manene",1,1,0,1,0,1,0,"Macua","Muslim",NA,0,NA,"We_dont cut"
"234","Increased",0,NA,"Male",TRUE,FALSE,12,NA,NA,NA,"Manene",1,1,0,1,0,1,0,"Macua","Muslim",NA,0,NA,"We_dont cut"
"235","Increased",1,"Improved","Male",TRUE,TRUE,10,"Less","Less","Less","Manene",1,1,0,1,0,1,0,"Macua","Christian",NA,1,"People_in_community","We_dont cut"
"236","Same",0,NA,"Male",TRUE,TRUE,12,NA,NA,NA,"Manene",1,1,0,1,0,1,0,"Macua","Muslim",NA,1,NA,"We_dont cut"
"237","Decreased",1,"Worsened","Male",FALSE,FALSE,10,NA,NA,NA,"Manene",1,1,0,1,0,1,0,"Macua","Muslim",NA,0,NA,"We_dont cut"
"238","Same",0,NA,"Male",TRUE,TRUE,12,"Less","More","Less","Manene",1,1,0,1,0,1,0,"Koti","Muslim",0,0,"People_in_community","We_dont cut"
"239","Same",0,NA,"Male",FALSE,FALSE,12,"Less","Less","Less","Corane",1,1,1,1,1,1,0,"Koti","Muslim",NA,0,NA,"We_dont cut"
"240","Increased",0,NA,"Male",FALSE,TRUE,12,NA,NA,NA,"Nauluco",0,1,0,0,0,0,0,"Koti","Muslim",NA,NA,NA,"We_dont cut"
"241","Decreased",1,"Stayed the same","Male",FALSE,FALSE,11,NA,NA,NA,"Nauluco",0,1,0,0,0,0,0,"Koti","Christian",NA,NA,NA,"We_dont cut"
"242","Same",1,"Improved","Male",TRUE,TRUE,8,NA,NA,NA,"Nauluco",0,1,0,0,0,0,0,"Macua","Muslim",NA,0,NA,"We_dont cut"
"243","Same",1,"Worsened","Male",TRUE,TRUE,10,"More","More","Less","Nauluco",0,1,0,0,0,0,0,"Macua","Muslim",1,1,"I_participated","I_practice"
"244",NA,0,NA,"Male",TRUE,FALSE,12,NA,NA,NA,"Macogone",0,1,0,1,0,0,1,"Macua","Muslim",0,NA,NA,"We_dont cut"
"245",NA,0,NA,"Male",FALSE,FALSE,12,NA,NA,NA,"Macogone",0,1,0,1,0,0,1,"Macua","Christian",0,NA,NA,"We_cut_mangroves_but_non_selective"
"246",NA,0,NA,"Male",TRUE,FALSE,12,NA,NA,NA,"Macogone",0,1,0,1,0,0,1,"Macua","Muslim",NA,NA,NA,"We_dont cut"
"247",NA,0,NA,"Male",FALSE,FALSE,12,NA,NA,NA,"Macogone",0,1,0,1,0,0,1,"Macua","Christian",0,NA,NA,"We_cut_mangroves_but_non_selective"
"248",NA,0,NA,"Male",FALSE,FALSE,12,"Less","More","More","Macogone",0,1,0,1,0,0,1,"Macua","Muslim",0,NA,NA,"We_cut_mangroves_but_non_selective"
"249",NA,0,NA,"Male",FALSE,FALSE,12,NA,NA,NA,"Macogone",0,1,0,1,0,0,1,"Koti","Christian",1,NA,NA,"Dont_know_what_select_extract_is"
"250",NA,0,NA,"Male",TRUE,FALSE,12,NA,NA,NA,"Macogone",0,1,0,1,0,0,1,"Macua","Muslim",NA,0,NA,"Dont_know_what_select_extract_is"
"251",NA,0,NA,"Male",FALSE,FALSE,12,NA,NA,NA,"Macogone",0,1,0,1,0,0,1,"Macua","Muslim",NA,NA,NA,"Dont_know_what_select_extract_is"
"252",NA,0,NA,"Male",TRUE,FALSE,12,NA,NA,NA,"Macogone",0,1,0,1,0,0,1,"Macua","Muslim",NA,0,"People_in_community","We_dont cut"
"253",NA,0,NA,"Female",FALSE,FALSE,12,NA,NA,NA,"Namiepe",1,1,0,1,1,0,1,"Macua","Christian",NA,NA,NA,"We_dont cut"
"254",NA,1,"Worsened","Male",FALSE,TRUE,8,NA,NA,NA,"Manene",1,1,0,1,0,1,0,"Macua","Christian",NA,1,NA,"We_dont cut"
"255",NA,1,"Worsened","Female",FALSE,TRUE,10,NA,NA,NA,"Macogone",0,1,0,1,0,0,1,"Macua","Christian",0,NA,NA,"Dont_know_what_select_extract_is"
"256",NA,0,NA,"Male",FALSE,FALSE,12,NA,NA,NA,"Macogone",0,1,0,1,0,0,1,"Macua","Muslim",0,NA,NA,"Dont_know_what_select_extract_is"
"257",NA,0,NA,"Male",FALSE,TRUE,12,"Less","Less","Less","Macogone",0,1,0,1,0,0,1,"Macua","Muslim",1,NA,NA,"I_practice"
"258",NA,0,NA,"Male",FALSE,FALSE,12,NA,NA,NA,"Macogone",0,1,0,1,0,0,1,"Macua","Muslim",0,1,NA,"We_cut_mangroves_but_non_selective"
"259",NA,0,NA,"Male",TRUE,FALSE,12,NA,NA,NA,"Macogone",0,1,0,1,0,0,1,"Macua","Christian",NA,NA,NA,"We_dont cut"
"260",NA,0,NA,"Male",TRUE,FALSE,12,NA,NA,NA,"Macogone",0,1,0,1,0,0,1,"Macua","Muslim",NA,0,NA,"We_dont cut"
"261",NA,0,NA,"Male",FALSE,FALSE,12,"Less","Less","Less","Macogone",0,1,0,1,0,0,1,"Macua","Christian",0,NA,NA,"We_cut_mangroves_but_non_selective"
"262",NA,0,NA,"Male",FALSE,TRUE,12,NA,NA,NA,"Macogone",0,1,0,1,0,0,1,"Macua","Muslim",NA,NA,NA,"We_dont cut"
"263",NA,0,NA,"Male",TRUE,FALSE,12,"Less","More","Less","Macogone",0,1,0,1,0,0,1,"Koti","Christian",0,NA,NA,"We_cut_mangroves_but_non_selective"
"264",NA,1,"Worsened","Male",FALSE,FALSE,10,"Less","Less","More","Macogone",0,1,0,1,0,0,1,"Koti","Muslim",0,0,NA,"We_cut_mangroves_but_non_selective"
"265",NA,0,NA,"Male",TRUE,FALSE,12,NA,NA,NA,"Namame",0,1,0,1,0,0,1,"Koti","Christian",NA,NA,NA,"We_dont cut"
"266",NA,0,NA,"Male",FALSE,FALSE,12,NA,NA,NA,"Nauluco",0,1,0,0,0,0,0,"Koti","Muslim",NA,NA,NA,"We_dont cut"
"267",NA,1,"Worsened","Male",FALSE,FALSE,10,NA,NA,NA,"Namiepe",1,1,0,1,1,0,1,"Koti","Muslim",NA,NA,NA,"We_dont cut"
"268",NA,0,NA,"Male",FALSE,FALSE,12,NA,NA,NA,"Namiepe",1,1,0,1,1,0,1,"Koti","Muslim",NA,NA,NA,"We_dont cut"
"269",NA,0,NA,"Male",TRUE,FALSE,12,NA,NA,NA,"Namiepe",1,1,0,1,1,0,1,"Koti","Christian",NA,NA,NA,"We_dont cut"
"270",NA,1,"Worsened","Male",TRUE,FALSE,10,NA,NA,NA,"Namiepe",1,1,0,1,1,0,1,"Macua","Christian",NA,NA,NA,"We_dont cut"
"271",NA,0,NA,"Male",TRUE,FALSE,12,NA,NA,NA,"Namiepe",1,1,0,1,1,0,1,"Macua","Muslim",NA,0,NA,"Dont_know_what_select_extract_is"
"272",NA,0,NA,"Male",TRUE,FALSE,12,NA,NA,NA,"Namiepe",1,1,0,1,1,0,1,"Macua","Christian",NA,1,NA,"Dont_know_what_select_extract_is"
"273",NA,0,NA,"Male",FALSE,FALSE,12,NA,NA,NA,"Namiepe",1,1,0,1,1,0,1,"Macua","Muslim",NA,NA,NA,"Dont_know_what_select_extract_is"
"274",NA,1,"Worsened","Female",FALSE,FALSE,0,NA,NA,NA,"Namiepe",1,1,0,1,1,0,1,"Macua","Christian",NA,NA,NA,"Dont_know_what_select_extract_is"
"275",NA,1,"Worsened","Male",FALSE,FALSE,6,NA,NA,NA,"Namiepe",1,1,0,1,1,0,1,"Macua","Muslim",NA,NA,NA,"We_dont cut"
"276",NA,1,"Worsened","Male",FALSE,FALSE,10,NA,NA,NA,"Namiepe",1,1,0,1,1,0,1,"Macua","Muslim",NA,0,NA,"We_dont cut"
"277",NA,0,NA,"Male",FALSE,FALSE,12,NA,NA,NA,"Namiepe",1,1,0,1,1,0,1,"Macua","Muslim",NA,NA,NA,"I_practice"
"278",NA,1,"Worsened","Male",TRUE,TRUE,9,NA,NA,NA,"Namiepe",1,1,0,1,1,0,1,"Macua","Muslim",NA,NA,NA,"We_dont cut"
"279",NA,0,NA,"Male",TRUE,FALSE,12,NA,NA,NA,"Namiepe",1,1,0,1,1,0,1,"Macua","Christian",NA,NA,NA,"We_dont cut"
"280",NA,0,NA,"Male",TRUE,FALSE,12,NA,NA,NA,"Namiepe",1,1,0,1,1,0,1,"Macua","Christian",NA,NA,NA,"We_dont cut"
"281",NA,1,"Worsened","Female",FALSE,FALSE,8,NA,NA,NA,"Namiepe",1,1,0,1,1,0,1,"Macua","Muslim",NA,NA,NA,"We_dont cut"
"282",NA,1,"Worsened","Male",FALSE,TRUE,8,NA,NA,NA,"Namiepe",1,1,0,1,1,0,1,"Koti","Muslim",NA,NA,NA,"We_dont cut"
"283",NA,1,"Stayed the same","Male",TRUE,FALSE,10,NA,NA,NA,"Namiepe",1,1,0,1,1,0,1,"Macua","Muslim",NA,NA,NA,"We_dont cut"
"284",NA,0,NA,"Female",FALSE,TRUE,12,NA,NA,NA,"Namiepe",1,1,0,1,1,0,1,"Macua","Christian",NA,NA,NA,"We_dont cut"
"285",NA,0,NA,"Male",TRUE,TRUE,12,NA,NA,NA,"Namiepe",1,1,0,1,1,0,1,"Macua","Muslim",NA,NA,NA,"We_dont cut"
"286",NA,0,NA,"Female",FALSE,TRUE,12,NA,NA,NA,"Namiepe",1,1,0,1,1,0,1,"Koti","Muslim",NA,NA,NA,"We_dont cut"
"287",NA,0,NA,"Male",FALSE,FALSE,12,NA,NA,NA,"Namiepe",1,1,0,1,1,0,1,"Koti","Christian",NA,NA,NA,"We_dont cut"
"288",NA,0,NA,"Male",FALSE,FALSE,12,"Less","Less","Less","Pulizica",1,0,1,0,0,1,0,"Koti","Christian",0,1,NA,"We_cut_mangroves_but_non_selective"
"289",NA,1,"Improved","Male",FALSE,FALSE,10,NA,NA,NA,"Namiepe",1,1,0,1,1,0,1,"Koti","Muslim",NA,NA,NA,"We_dont cut"
"290",NA,1,"Improved","Male",FALSE,FALSE,11,NA,NA,NA,"Namiepe",1,1,0,1,1,0,1,"Macua","Muslim",NA,NA,NA,"We_dont cut"
"291",NA,1,"Worsened","Female",TRUE,TRUE,9,NA,NA,NA,"Namiepe",1,1,0,1,1,0,1,"Koti","Christian",NA,1,NA,"We_dont cut"
"292",NA,1,"Worsened","Female",FALSE,FALSE,9,NA,NA,NA,"Namiepe",1,1,0,1,1,0,1,"Koti","Muslim",NA,0,NA,"We_dont cut"
"293",NA,0,NA,"Male",FALSE,TRUE,12,NA,NA,NA,"Namiepe",1,1,0,1,1,0,1,"Macua","Christian",NA,1,NA,"We_dont cut"
"294",NA,0,NA,"Male",TRUE,TRUE,12,NA,NA,NA,"Macogone",0,1,0,1,0,0,1,"Macua","Christian",0,0,NA,"We_cut_mangroves_but_non_selective"
"295",NA,0,NA,"Male",FALSE,FALSE,12,NA,NA,NA,"Macogone",0,1,0,1,0,0,1,"Macua","Muslim",NA,0,NA,"We_dont cut"
"296",NA,0,NA,"Male",TRUE,TRUE,12,"Less","Less","Less","Macogone",0,1,0,1,0,0,1,"Macua","Christian",1,1,NA,"We_cut_mangroves_but_non_selective"
"297",NA,1,"Worsened","Female",FALSE,FALSE,9,NA,NA,NA,"Macogone",0,1,0,1,0,0,1,"Macua","Christian",1,1,NA,"We_cut_mangroves_but_non_selective"
"298",NA,0,NA,"Female",FALSE,FALSE,12,NA,NA,NA,"Macogone",0,1,0,1,0,0,1,"Macua","Muslim",NA,NA,NA,"Dont_know_what_select_extract_is"
"299",NA,0,NA,"Male",FALSE,FALSE,12,NA,NA,NA,"Macogone",0,1,0,1,0,0,1,"Macua","Muslim",NA,NA,NA,"Dont_know_what_select_extract_is"
"300",NA,0,NA,"Male",FALSE,FALSE,12,"More","Less","Less","Macogone",0,1,0,1,0,0,1,"Macua","Muslim",NA,NA,NA,"Dont_know_what_select_extract_is"
"301",NA,1,"Improved","Male",FALSE,FALSE,9,"Same","Less","Less","Macogone",0,1,0,1,0,0,1,"Macua","Muslim",0,NA,NA,"We_cut_mangroves_but_non_selective"
"302",NA,0,NA,"Male",TRUE,FALSE,12,"Less","Less","Less","Macogone",0,1,0,1,0,0,1,"Macua","Muslim",NA,1,NA,"We_dont cut"
"303",NA,0,NA,"Male",TRUE,TRUE,12,NA,NA,NA,"Macogone",0,1,0,1,0,0,1,"Macua","Christian",1,NA,NA,"We_dont cut"
"304",NA,0,NA,"Male",TRUE,FALSE,12,NA,NA,NA,"Macogone",0,1,0,1,0,0,1,"Koti","Muslim",0,NA,NA,"We_dont cut"
"305",NA,0,NA,"Male",TRUE,TRUE,12,NA,NA,NA,"Macogone",0,1,0,1,0,0,1,"Macua","Christian",NA,0,NA,"We_dont cut"
"306",NA,1,"Worsened","Male",FALSE,TRUE,10,"More","More","More","Macogone",0,1,0,1,0,0,1,"Macua","Muslim",0,NA,NA,"Dont_know_what_select_extract_is"
"307",NA,0,NA,"Male",FALSE,TRUE,12,"Less","Less","Less","Namame",0,1,0,1,0,0,1,"Koti","Muslim",0,0,NA,"We_cut_mangroves_but_non_selective"
"308",NA,0,NA,"Male",TRUE,TRUE,12,NA,NA,NA,"Namame",0,1,0,1,0,0,1,"Portuguese","Christian",NA,0,"No_one_I_know","We_dont cut"
"309",NA,0,NA,"Male",TRUE,TRUE,12,NA,NA,NA,"Namame",0,1,0,1,0,0,1,"Macua","Christian",0,0,NA,"Dont_know_what_select_extract_is"
"310",NA,0,NA,"Female",FALSE,TRUE,12,"Less","More","Less","Namame",0,1,0,1,0,0,1,"Macua","Muslim",0,0,NA,"We_cut_mangroves_but_non_selective"
"311",NA,1,"Worsened","Male",FALSE,TRUE,7,NA,NA,NA,"Namame",0,1,0,1,0,0,1,"Koti","Christian",NA,NA,NA,"We_dont cut"
"312",NA,1,"Stayed the same","Male",TRUE,FALSE,7,NA,NA,NA,"Namame",0,1,0,1,0,0,1,"Macua","Muslim",NA,NA,NA,"We_dont cut"
"313",NA,0,NA,"Male",FALSE,TRUE,12,NA,NA,NA,"Namame",0,1,0,1,0,0,1,"Koti","Christian",0,NA,NA,"I_practice"
"314",NA,0,NA,"Male",FALSE,FALSE,12,"More","Less","More","Namame",0,1,0,1,0,0,1,"Koti","Christian",NA,NA,"People_in_community","We_dont cut"
"315",NA,0,NA,"Male",TRUE,FALSE,12,"More","Less","More","Namame",0,1,0,1,0,0,1,"Koti","Muslim",NA,NA,"People_in_community","We_dont cut"
"316",NA,0,NA,"Male",TRUE,FALSE,12,NA,NA,NA,"Namame",0,1,0,1,0,0,1,"Koti","Muslim",0,NA,NA,"We_dont cut"
"317",NA,0,NA,"Male",TRUE,TRUE,12,NA,NA,NA,"Namame",0,1,0,1,0,0,1,"Koti","Christian",0,0,"People_in_community","We_dont cut"
"318",NA,0,NA,"Female",TRUE,FALSE,12,"More","Same","Less","Namame",0,1,0,1,0,0,1,"Koti","Muslim",NA,NA,"People_in_community","We_dont cut"
"319",NA,0,NA,"Male",TRUE,FALSE,12,NA,NA,NA,"Namame",0,1,0,1,0,0,1,"Macua","Christian",NA,NA,NA,"We_dont cut"
"320",NA,0,NA,"Male",FALSE,FALSE,12,"Less","Less","Less","Namame",0,1,0,1,0,0,1,"Macua","Muslim",NA,NA,NA,"We_cut_mangroves_but_non_selective"
"321",NA,0,NA,"Male",FALSE,TRUE,12,NA,NA,NA,"Namame",0,1,0,1,0,0,1,"Macua","Muslim",NA,NA,NA,"We_dont cut"
"322",NA,0,NA,"Male",TRUE,TRUE,12,NA,NA,NA,"Namame",0,1,0,1,0,0,1,"Koti","Christian",NA,1,NA,"We_dont cut"
"323",NA,0,NA,"Male",FALSE,FALSE,12,NA,NA,NA,"Namame",0,1,0,1,0,0,1,"Koti","Christian",NA,NA,NA,"We_dont cut"
"324",NA,0,NA,"Male",TRUE,TRUE,12,"More","More","More","Namame",0,1,0,1,0,0,1,"Koti","Muslim",0,1,NA,"We_dont cut"
"325",NA,1,"Worsened","Male",TRUE,TRUE,10,"Same","Same","More","Namame",0,1,0,1,0,0,1,"Koti","Muslim",NA,1,NA,"Dont_know_what_select_extract_is"
"326",NA,1,"Worsened","Male",FALSE,FALSE,6,NA,NA,NA,"Namame",0,1,0,1,0,0,1,"Koti","Muslim",NA,NA,NA,"Dont_know_what_select_extract_is"
"327",NA,1,"Improved","Male",FALSE,TRUE,9,"Same","Same","Same","Nauluco",0,1,0,0,0,0,0,"Macua","Christian",NA,0,NA,"We_dont cut"
"328",NA,1,"Worsened","Male",FALSE,TRUE,9,NA,NA,NA,"Nauluco",0,1,0,0,0,0,0,"Macua","Muslim",NA,NA,NA,"We_dont cut"
"329",NA,1,"Worsened","Male",FALSE,FALSE,10,NA,NA,NA,"Nauluco",0,1,0,0,0,0,0,"Macua","Muslim",NA,0,NA,"We_dont cut"
"330",NA,0,NA,"Male",TRUE,FALSE,12,NA,NA,NA,"Nauluco",0,1,0,0,0,0,0,"Macua","Christian",NA,NA,NA,"Dont_know_what_select_extract_is"
"331",NA,0,NA,"Male",FALSE,FALSE,12,NA,NA,NA,"Nauluco",0,1,0,0,0,0,0,"Macua","Christian",NA,NA,NA,"We_dont cut"
"332",NA,0,NA,"Male",TRUE,FALSE,12,NA,NA,NA,"Nauluco",0,1,0,0,0,0,0,"Macua","Muslim",NA,NA,NA,"We_dont cut"
"333",NA,1,"Worsened","Male",FALSE,TRUE,9,"Less","Less","Less","Mingolene",1,0,1,0,0,1,0,"Macua","Athiest",1,NA,"I_participated","I_practice"
"334",NA,0,NA,"Male",FALSE,FALSE,12,"Less","Less","Less","Pulizica",1,0,1,0,0,1,0,"Koti","Muslim",0,NA,NA,"I_practice"
"335",NA,0,NA,"Male",FALSE,TRUE,12,"Less","Less","Less","Pulizica",1,0,1,0,0,1,0,"Koti","Muslim",NA,NA,NA,"Dont_know_what_select_extract_is"
"336",NA,0,NA,"Male",TRUE,TRUE,12,"Less","Less","Less","Pulizica",1,0,1,0,0,1,0,"Koti","Muslim",0,NA,NA,"I_practice"
"337",NA,0,NA,"Male",TRUE,FALSE,12,NA,NA,NA,"Pulizica",1,0,1,0,0,1,0,"Koti","Christian",0,0,NA,"We_cut_mangroves_but_non_selective"
"338",NA,0,NA,"Male",TRUE,FALSE,12,NA,NA,NA,"Pulizica",1,0,1,0,0,1,0,"Koti","Christian",0,NA,NA,"We_cut_mangroves_but_non_selective"
"339",NA,0,NA,"Male",FALSE,FALSE,12,"Less","Less","Less","Pulizica",1,0,1,0,0,1,0,"Koti","Muslim",0,NA,NA,"We_cut_mangroves_but_non_selective"
"340",NA,0,NA,"Male",TRUE,FALSE,12,NA,NA,NA,"Pulizica",1,0,1,0,0,1,0,"Koti","Christian",0,NA,NA,"We_cut_mangroves_but_non_selective"
"341",NA,0,NA,"Male",FALSE,FALSE,12,"Less","Less","Less","Pulizica",1,0,1,0,0,1,0,"Koti","Other",0,NA,NA,"We_cut_mangroves_but_non_selective"
"342",NA,1,"Stayed the same","Male",TRUE,FALSE,10,"Less","Less","Less","Pulizica",1,0,1,0,0,1,0,"Koti","Muslim",0,NA,NA,"We_cut_mangroves_but_non_selective"
"343",NA,1,"Worsened","Male",FALSE,FALSE,10,"More","Less","More","Pulizica",1,0,1,0,0,1,0,"Koti","Muslim",NA,NA,NA,"We_dont cut"
"344",NA,1,"Worsened","Female",FALSE,FALSE,8,NA,NA,NA,"Pulizica",1,0,1,0,0,1,0,"Koti","Muslim",NA,NA,NA,"We_dont cut"
"345",NA,0,NA,"Male",TRUE,FALSE,12,"Same","Same","Same","Mingolene",1,0,1,0,0,1,0,"Macua","Muslim",1,NA,NA,"We_cut_mangroves_but_non_selective"
"346",NA,1,"Worsened","Male",FALSE,FALSE,9,"Less","Less","Less","Pulizica",1,0,1,0,0,1,0,"Koti","Muslim",0,NA,NA,"We_cut_mangroves_but_non_selective"
"347",NA,0,NA,"Male",TRUE,TRUE,12,"Less","Less","Less","Mingolene",1,0,1,0,0,1,0,"Koti","Muslim",NA,NA,NA,"We_dont cut"
"348",NA,1,"Worsened","Male",TRUE,TRUE,9,"Less","Less","Less","Mingolene",1,0,1,0,0,1,0,"Koti","Muslim",0,NA,NA,"We_dont cut"
"349",NA,0,NA,"Male",TRUE,FALSE,12,"Less","Less","Less","Mingolene",1,0,1,0,0,1,0,"Koti","Muslim",NA,NA,NA,"We_dont cut"
"350",NA,0,NA,"Male",FALSE,TRUE,12,"Less","Less","Less","Mingolene",1,0,1,0,0,1,0,"Macua","Muslim",0,NA,NA,"We_cut_mangroves_but_non_selective"
"351",NA,0,NA,"Male",TRUE,FALSE,12,"More","More","More","Mingolene",1,0,1,0,0,1,0,"Macua","Muslim",NA,NA,NA,"We_dont cut"
"352",NA,1,"Stayed the same","Male",FALSE,FALSE,11,"Less","Less","Less","Mingolene",1,0,1,0,0,1,0,"Macua","Muslim",0,NA,NA,"We_cut_mangroves_but_non_selective"
"353",NA,1,"Stayed the same","Male",FALSE,FALSE,10,"Less","Less","Less","Mingolene",1,0,1,0,0,1,0,"Macua","Muslim",0,NA,NA,"We_dont cut"
"354",NA,0,NA,"Male",TRUE,FALSE,12,NA,NA,NA,"Mingolene",1,0,1,0,0,1,0,"Macua","Muslim",NA,NA,NA,"We_dont cut"
"355",NA,0,NA,"Male",FALSE,FALSE,12,NA,NA,NA,"Nauluco",0,1,0,0,0,0,0,"Macua","Christian",NA,NA,NA,"We_dont cut"
"356",NA,0,NA,"Male",FALSE,FALSE,12,"More","More","More","Mingolene",1,0,1,0,0,1,0,"Macua","Muslim",0,NA,"People_in_community","Dont_know_what_select_extract_is"
"357",NA,1,"Worsened","Male",TRUE,FALSE,10,"Less","Less","Less","Pulizica",1,0,1,0,0,1,0,"Koti","Athiest",0,NA,NA,"Members_of_household"
"358",NA,0,NA,"Male",FALSE,FALSE,12,"Less","More","Less","Pulizica",1,0,1,0,0,1,0,"Koti","Muslim",0,NA,NA,"We_cut_mangroves_but_non_selective"
"359",NA,0,NA,"Female",FALSE,FALSE,12,"Less","Less","Less","Pulizica",1,0,1,0,0,1,0,"Koti","Muslim",0,NA,NA,"Members_of_household"
"360",NA,0,NA,"Male",TRUE,FALSE,12,"Less","Less","Less","Pulizica",1,0,1,0,0,1,0,"Macua","Muslim",1,NA,NA,"We_dont cut"
"361",NA,1,"Stayed the same","Male",FALSE,FALSE,10,"More","Less","More","Pulizica",1,0,1,0,0,1,0,"Koti","Muslim",0,NA,NA,"I_practice"
"362",NA,1,"Worsened","Male",FALSE,TRUE,0,"Same","Same","Same","Pulizica",1,0,1,0,0,1,0,"Koti","Muslim",NA,NA,NA,"We_dont cut"
"363",NA,0,NA,"Male",TRUE,FALSE,12,"Less","Less","Less","Pulizica",1,0,1,0,0,1,0,"Koti","Muslim",1,NA,NA,"We_dont cut"
"364",NA,0,NA,"Male",TRUE,FALSE,12,"Less","Same","Less","Pulizica",1,0,1,0,0,1,0,"Macua","Muslim",NA,NA,NA,"We_cut_mangroves_but_non_selective"
"365",NA,0,NA,"Male",FALSE,FALSE,12,"Same","More","Same","Pulizica",1,0,1,0,0,1,0,"Koti","Muslim",0,NA,NA,"Members_of_household"
"366",NA,1,"Worsened","Male",FALSE,FALSE,3,NA,NA,NA,"Nauluco",0,1,0,0,0,0,0,"Macua","Christian",NA,NA,NA,"Dont_know_what_select_extract_is"
"367",NA,1,"Worsened","Male",FALSE,FALSE,10,"More","More","More","Pulizica",1,0,1,0,0,1,0,"Koti","Muslim",1,NA,NA,"Dont_know_what_select_extract_is"
"368",NA,1,"Worsened","Male",FALSE,FALSE,10,"More","More","Less","Pulizica",1,0,1,0,0,1,0,"Koti","Muslim",0,NA,NA,"Dont_know_what_select_extract_is"
"369",NA,0,NA,"Male",TRUE,TRUE,12,"More","More","More","Pulizica",1,0,1,0,0,1,0,"Koti","Muslim",0,NA,NA,"We_cut_mangroves_but_non_selective"
"370",NA,1,"Improved","Male",FALSE,FALSE,10,"More","More","More","Pulizica",1,0,1,0,0,1,0,"Koti","Muslim",1,NA,NA,"Dont_know_what_select_extract_is"
"371",NA,1,"Improved","Male",FALSE,FALSE,10,"More","More","Less","Pulizica",1,0,1,0,0,1,0,"Koti","Muslim",1,NA,NA,"Dont_know_what_select_extract_is"
"372",NA,1,"Worsened","Male",FALSE,FALSE,3,NA,NA,NA,"Nauluco",0,1,0,0,0,0,0,"Macua","Christian",NA,NA,NA,"Dont_know_what_select_extract_is"
"373",NA,0,NA,"Male",FALSE,FALSE,12,"More","More","More","Pulizica",1,0,1,0,0,1,0,"Koti","Muslim",0,NA,NA,"We_cut_mangroves_but_non_selective"
"374",NA,1,"Worsened","Male",TRUE,TRUE,9,"Less","More","Less","Mingolene",1,0,1,0,0,1,0,"Koti","Muslim",0,0,"People_in_community","We_dont cut"
"375",NA,1,"Stayed the same","Male",FALSE,FALSE,9,"More","More","More","Pulizica",1,0,1,0,0,1,0,"Koti","Muslim",0,NA,NA,"We_cut_mangroves_but_non_selective"
"376",NA,0,NA,"Male",TRUE,FALSE,12,"Less","Less","Less","Mingolene",1,0,1,0,0,1,0,"Macua","Muslim",1,NA,"People_in_community","I_practice"
"377",NA,1,"Worsened","Male",FALSE,TRUE,9,"More","More","More","Mingolene",1,0,1,0,0,1,0,"Macua","Muslim",0,NA,NA,"We_cut_mangroves_but_non_selective"
"378",NA,1,"Worsened","Male",TRUE,TRUE,8,NA,NA,NA,"Macogone",0,1,0,1,0,0,1,"Macua","Muslim",1,1,"I_participated","I_practice"
"379",NA,0,NA,"Male",TRUE,TRUE,12,"Less","Same","Less","Mingolene",1,0,1,0,0,1,0,"Macua","Muslim",0,NA,"No_one_I_know","I_practice"
"380",NA,0,NA,"Male",FALSE,FALSE,12,"More","Less","Less","Mingolene",1,0,1,0,0,1,0,"Macua","Muslim",0,NA,"I_participated","I_practice"
"381",NA,0,NA,"Male",TRUE,FALSE,12,"Less","Less","Less","Mingolene",1,0,1,0,0,1,0,"Macua","Muslim",1,NA,"I_participated","I_practice"
"382",NA,0,NA,"Male",TRUE,TRUE,12,"Less","Less","Less","Mingolene",1,0,1,0,0,1,0,"Macua","Muslim",0,NA,NA,"We_dont cut"
"383",NA,0,NA,"Male",TRUE,TRUE,12,"More","Less","Less","Mingolene",1,0,1,0,0,1,0,"Macua","Muslim",0,NA,"I_participated","I_practice"
"384",NA,1,"Worsened","Male",TRUE,FALSE,8,"Less","Less","Less","Mingolene",1,0,1,0,0,1,0,"Koti","Muslim",0,NA,"Members_of_household","We_dont cut"
"385",NA,1,"Stayed the same","Male",FALSE,TRUE,11,"More","More","Less","Pulizica",1,0,1,0,0,1,0,"Koti","Muslim",0,NA,NA,"We_cut_mangroves_but_non_selective"
"386",NA,0,NA,"Male",FALSE,FALSE,12,"More","More","More","Mingolene",1,0,1,0,0,1,0,"Koti","Muslim",0,NA,"People_in_community","We_dont cut"
"387",NA,0,NA,"Male",TRUE,TRUE,12,"Less","Less","Less","Mingolene",1,0,1,0,0,1,0,"Macua","Muslim",1,NA,NA,"We_dont cut"
"388",NA,0,NA,"Male",TRUE,FALSE,12,NA,NA,NA,"Mingolene",1,0,1,0,0,1,0,"Koti","Muslim",1,NA,"No_one_I_know","I_practice"
"389",NA,0,NA,"Male",FALSE,TRUE,12,"Less","Less","Less","Mingolene",1,0,1,0,0,1,0,"Macua","Muslim",1,NA,NA,"I_practice"
"390",NA,0,NA,"Male",TRUE,FALSE,12,NA,NA,NA,"Mingolene",1,0,1,0,0,1,0,"Macua","Athiest",1,NA,"No_one_I_know","I_practice"
"391",NA,1,"Worsened","Male",TRUE,TRUE,6,"Same","Same","Less","Pulizica",1,0,1,0,0,1,0,"Koti","Muslim",1,NA,"I_participated","I_practice"
"392",NA,0,NA,"Male",FALSE,FALSE,12,"Less","Less","Less","Pulizica",1,0,1,0,0,1,0,"Koti","Muslim",1,NA,NA,"We_dont cut"
"393",NA,0,NA,"Male",TRUE,TRUE,12,"Less","Less","Less","Pulizica",1,0,1,0,0,1,0,"Koti","Muslim",NA,NA,"People_in_community","We_dont cut"
"394",NA,1,"Worsened","Female",FALSE,TRUE,8,NA,NA,NA,"Nauluco",0,1,0,0,0,0,0,"Macua","Christian",NA,NA,NA,"We_cut_mangroves_but_non_selective"
"395",NA,0,NA,"Male",FALSE,FALSE,12,NA,NA,NA,"Nauluco",0,1,0,0,0,0,0,"Macua","Christian",NA,NA,NA,"We_dont cut"
"396",NA,1,"Improved","Male",FALSE,FALSE,11,NA,NA,NA,"Nauluco",0,1,0,0,0,0,0,"Koti","Christian",NA,NA,NA,"We_dont cut"
"397",NA,0,NA,"Male",FALSE,FALSE,12,NA,NA,NA,"Nauluco",0,1,0,0,0,0,0,"Macua","Muslim",NA,NA,NA,"We_dont cut"
"398",NA,1,"Worsened","Male",TRUE,TRUE,10,NA,NA,NA,"Nauluco",0,1,0,0,0,0,0,"Koti","Muslim",NA,NA,NA,"We_dont cut"
"399",NA,0,NA,"Male",FALSE,FALSE,12,NA,NA,NA,"Corane",1,1,1,1,1,1,0,"Macua","Muslim",1,NA,NA,"We_dont cut"
"400",NA,0,NA,"Male",FALSE,FALSE,12,NA,NA,NA,"Corane",1,1,1,1,1,1,0,"Macua","Christian",1,NA,NA,"I_practice"
"401",NA,0,NA,"Male",TRUE,FALSE,12,"Less","Less","Less","Corane",1,1,1,1,1,1,0,"Macua","Christian",1,1,NA,"I_practice"
"402",NA,0,NA,"Male",TRUE,FALSE,12,NA,NA,NA,"Corane",1,1,1,1,1,1,0,"Macua","Christian",0,1,NA,"I_practice"
"403",NA,1,"Worsened","Male",FALSE,FALSE,10,NA,NA,NA,"Corane",1,1,1,1,1,1,0,"Koti","Muslim",NA,NA,NA,"We_dont cut"
"404",NA,0,NA,"Male",FALSE,FALSE,12,NA,NA,NA,"Corane",1,1,1,1,1,1,0,"Koti","Muslim",NA,NA,NA,"We_dont cut"
"405",NA,0,NA,"Male",FALSE,TRUE,12,"Same","Same","Same","Corane",1,1,1,1,1,1,0,"Koti","Muslim",0,1,"People_in_community","Dont_know_what_select_extract_is"
"406",NA,0,NA,"Male",FALSE,FALSE,12,NA,NA,NA,"Corane",1,1,1,1,1,1,0,"Koti","Christian",NA,0,NA,"We_dont cut"
"407",NA,0,NA,"Male",FALSE,FALSE,12,NA,NA,NA,"Corane",1,1,1,1,1,1,0,"Macua","Christian",NA,NA,NA,"We_dont cut"
"408",NA,0,NA,"Male",FALSE,TRUE,12,NA,NA,NA,"Corane",1,1,1,1,1,1,0,"Other","Muslim",NA,0,NA,"We_dont cut"
"409",NA,1,"Worsened","Male",FALSE,FALSE,5,NA,NA,NA,"Corane",1,1,1,1,1,1,0,"Macua","Christian",NA,1,NA,"Dont_know_what_select_extract_is"
"410",NA,1,"Stayed the same","Male",FALSE,FALSE,10,"Same","Same","Same","Corane",1,1,1,1,1,1,0,"Koti","Christian",0,NA,NA,"Dont_know_what_select_extract_is"
"411",NA,0,NA,"Male",TRUE,FALSE,12,NA,NA,NA,"Corane",1,1,1,1,1,1,0,"Macua","Muslim",NA,NA,NA,"Dont_know_what_select_extract_is"
"412",NA,0,NA,"Male",FALSE,FALSE,12,"Same","Same","Same","Corane",1,1,1,1,1,1,0,"Macua","Christian",0,NA,NA,"We_cut_mangroves_but_non_selective"
"413",NA,0,NA,"Male",TRUE,FALSE,12,"Less","Less","Less","Corane",1,1,1,1,1,1,0,"Macua","Christian",0,0,NA,"We_cut_mangroves_but_non_selective"
"414",NA,0,NA,"Male",FALSE,FALSE,12,NA,NA,NA,"Corane",1,1,1,1,1,1,0,"Macua","Muslim",0,NA,NA,"We_cut_mangroves_but_non_selective"
"415",NA,0,NA,"Male",FALSE,FALSE,12,"Same","Same","Same","Corane",1,1,1,1,1,1,0,"Macua","Other",0,0,NA,"We_cut_mangroves_but_non_selective"
"416",NA,0,NA,"Male",FALSE,FALSE,12,NA,NA,NA,"Corane",1,1,1,1,1,1,0,"Macua","Other",NA,NA,NA,"We_dont cut"
"417",NA,1,NA,"Male",FALSE,TRUE,12,NA,NA,NA,"Corane",1,1,1,1,1,1,0,"Macua","Muslim",NA,1,"I_participated","We_dont cut"
"418",NA,0,NA,"Male",TRUE,TRUE,12,NA,NA,NA,"Corane",1,1,1,1,1,1,0,"Macua","Muslim",0,NA,NA,"Dont_know_what_select_extract_is"
"419",NA,0,NA,"Male",FALSE,FALSE,12,"Same","Same","Same","Corane",1,1,1,1,1,1,0,"Macua","Muslim",NA,0,NA,"We_dont cut"
"420",NA,0,NA,"Male",FALSE,FALSE,12,"Less","Same","More","Corane",1,1,1,1,1,1,0,"Macua","Muslim",NA,NA,"No_one_I_know","We_dont cut"
"421",NA,0,NA,"Male",FALSE,FALSE,12,NA,NA,NA,"Corane",1,1,1,1,1,1,0,"Macua","Christian",NA,1,NA,"Dont_know_what_select_extract_is"
"422",NA,1,"Worsened","Female",FALSE,FALSE,0,NA,NA,NA,"Corane",1,1,1,1,1,1,0,"Macua","Muslim",NA,NA,NA,"Dont_know_what_select_extract_is"
"423",NA,0,NA,"Male",FALSE,TRUE,12,"Less","More","More","Corane",1,1,1,1,1,1,0,"Macua","Muslim",NA,0,"People_in_community","We_dont cut"
"424",NA,0,NA,"Male",TRUE,TRUE,12,"More","More","More","Corane",1,1,1,1,1,1,0,"Macua","Muslim",NA,0,"I_participated","We_dont cut"
"425",NA,0,NA,"Male",FALSE,TRUE,12,NA,NA,NA,"Corane",1,1,1,1,1,1,0,"Macua","Muslim",1,NA,NA,"Dont_know_what_select_extract_is"
"426",NA,0,NA,"Female",FALSE,FALSE,12,NA,NA,NA,"Corane",1,1,1,1,1,1,0,"Macua","Muslim",1,0,NA,"We_dont cut"
"427",NA,0,NA,"Male",FALSE,FALSE,12,"Less","Less","Less","Corane",1,1,1,1,1,1,0,"Macua","Christian",0,0,NA,"We_cut_mangroves_but_non_selective"
"428",NA,1,"Worsened","Male",FALSE,TRUE,9,NA,NA,NA,"Corane",1,1,1,1,1,1,0,"Macua","Muslim",NA,NA,NA,"We_dont cut"
"429",NA,0,NA,"Male",FALSE,FALSE,12,"Less","Less","Same","Corane",1,1,1,1,1,1,0,"Macua","Athiest",1,0,"People_in_community","We_cut_mangroves_but_non_selective"
"430",NA,0,NA,"Male",FALSE,FALSE,12,NA,NA,NA,"Corane",1,1,1,1,1,1,0,"Macua","Muslim",NA,0,"People_in_community","We_dont cut"
"431",NA,1,"Stayed the same","Male",TRUE,FALSE,11,NA,NA,NA,"Corane",1,1,1,1,1,1,0,"Macua","Christian",0,0,NA,"We_cut_mangroves_but_non_selective"
"432",NA,1,"Stayed the same","Female",FALSE,FALSE,10,"Less","Same","Same","Corane",1,1,1,1,1,1,0,"Macua","Muslim",1,0,NA,"We_dont cut"
"433",NA,1,"Worsened","Male",TRUE,TRUE,10,NA,NA,NA,"Corane",1,1,1,1,1,1,0,"Macua","Muslim",NA,1,"I_participated","We_dont cut"
"434",NA,1,"Worsened","Male",FALSE,FALSE,10,NA,NA,NA,"Corane",1,1,1,1,1,1,0,"Macua","Christian",NA,NA,NA,"Dont_know_what_select_extract_is"
"435",NA,0,NA,"Male",FALSE,TRUE,12,NA,NA,NA,"Corane",1,1,1,1,1,1,0,"Macua","Muslim",0,NA,NA,"Dont_know_what_select_extract_is"
"436",NA,0,NA,"Male",FALSE,FALSE,12,NA,NA,NA,"Corane",1,1,1,1,1,1,0,"Macua","Muslim",0,NA,NA,"Dont_know_what_select_extract_is"
"437",NA,0,NA,"Male",FALSE,TRUE,12,NA,NA,NA,"Nauluco",0,1,0,0,0,0,0,"Koti","Muslim",NA,0,NA,"We_dont cut"
"438",NA,0,NA,"Male",FALSE,FALSE,12,NA,NA,NA,"Nauluco",0,1,0,0,0,0,0,"Macua","Christian",NA,NA,NA,"We_dont cut"
"439",NA,0,NA,"Male",FALSE,FALSE,12,NA,NA,NA,"Nauluco",0,1,0,0,0,0,0,"Macua","Christian",NA,NA,NA,"We_dont cut"
"440",NA,0,NA,"Male",FALSE,TRUE,12,NA,NA,NA,"Macogone",0,1,0,1,0,0,1,"Macua","Muslim",1,NA,NA,"I_practice"
"441",NA,1,"Worsened","Male",FALSE,FALSE,11,NA,NA,NA,"Macogone",0,1,0,1,0,0,1,"Macua","Christian",NA,NA,NA,"We_dont cut"
"442",NA,0,NA,"Male",FALSE,TRUE,12,NA,NA,NA,"Macogone",0,1,0,1,0,0,1,"Macua","Christian",0,NA,NA,"We_cut_mangroves_but_non_selective"
"443",NA,0,NA,"Male",TRUE,FALSE,12,NA,NA,NA,"Macogone",0,1,0,1,0,0,1,"Macua","Muslim",0,NA,NA,"Dont_know_what_select_extract_is"
"444",NA,1,"Worsened","Male",TRUE,TRUE,11,"Less","Less","Less","Macogone",0,1,0,1,0,0,1,"Macua","Muslim",NA,1,"People_in_community","We_dont cut"
"445",NA,1,NA,"Male",FALSE,FALSE,9,"Less","Less","Less","Macogone",0,1,0,1,0,0,1,"Macua","Christian",NA,NA,NA,"We_cut_mangroves_but_non_selective"
"446",NA,1,"Worsened","Male",TRUE,FALSE,7,NA,NA,NA,"Macogone",0,1,0,1,0,0,1,"Koti","Muslim",NA,0,NA,"We_dont cut"
"447",NA,0,NA,"Male",FALSE,FALSE,12,NA,NA,NA,"Namiepe",1,1,0,1,1,0,1,"Koti","Muslim",NA,NA,NA,"We_dont cut"
"448",NA,1,"Worsened","Male",FALSE,TRUE,9,NA,NA,NA,"Namiepe",1,1,0,1,1,0,1,"Macua","Christian",NA,NA,NA,"We_dont cut"
"449",NA,1,"Stayed the same","Male",FALSE,FALSE,10,NA,NA,NA,"Namiepe",1,1,0,1,1,0,1,"Koti","Muslim",0,NA,NA,"We_cut_mangroves_but_non_selective"
"450",NA,1,"Worsened","Male",TRUE,FALSE,6,NA,NA,NA,"Namiepe",1,1,0,1,1,0,1,"Koti","Muslim",NA,1,NA,"We_dont cut"
"451",NA,1,"Worsened","Male",FALSE,FALSE,6,NA,NA,NA,"Nauluco",0,1,0,0,0,0,0,"Macua","Christian",NA,NA,NA,"Dont_know_what_select_extract_is"
"452",NA,1,"Stayed the same","Male",TRUE,FALSE,10,NA,NA,NA,"Nauluco",0,1,0,0,0,0,0,"Macua","Christian",NA,NA,NA,"Dont_know_what_select_extract_is"
"453",NA,1,"Worsened","Male",TRUE,FALSE,10,NA,NA,NA,"Nauluco",0,1,0,0,0,0,0,"Macua","Christian",NA,NA,NA,"Dont_know_what_select_extract_is"
"454",NA,1,"Stayed the same","Male",FALSE,FALSE,10,NA,NA,NA,"Nauluco",0,1,0,0,0,0,0,"Macua","Christian",NA,NA,NA,"Dont_know_what_select_extract_is"
"455",NA,0,NA,"Male",FALSE,FALSE,12,NA,NA,NA,"Nauluco",0,1,0,0,0,0,0,"Macua","Muslim",NA,NA,NA,"We_dont cut"
"456",NA,1,"Worsened","Male",FALSE,FALSE,9,NA,NA,NA,"Nauluco",0,1,0,0,0,0,0,"Macua","Muslim",NA,0,NA,"Members_of_household"
"457",NA,1,"Worsened","Male",FALSE,FALSE,10,NA,NA,NA,"Nauluco",0,1,0,0,0,0,0,"Macua","Christian",NA,NA,NA,"We_dont cut"
"458",NA,0,NA,"Male",TRUE,TRUE,12,NA,NA,NA,"Nauluco",0,1,0,0,0,0,0,"Macua","Christian",NA,0,"People_in_community","We_dont cut"
"459",NA,0,NA,"Male",TRUE,FALSE,12,NA,NA,NA,"Nauluco",0,1,0,0,0,0,0,"Macua","Christian",NA,NA,"People_in_community","We_dont cut"
"460",NA,1,"Stayed the same","Male",TRUE,FALSE,10,NA,NA,NA,"Nauluco",0,1,0,0,0,0,0,"Macua","Christian",NA,NA,NA,"We_dont cut"
"461",NA,0,NA,"Female",FALSE,TRUE,12,NA,NA,NA,"Nauluco",0,1,0,0,0,0,0,"Macua","Muslim",NA,NA,NA,"We_dont cut"
"462",NA,1,"Stayed the same","Female",FALSE,FALSE,10,NA,NA,NA,"Nauluco",0,1,0,0,0,0,0,"Macua","Christian",NA,NA,NA,"We_dont cut"
"463",NA,1,"Stayed the same","Male",TRUE,FALSE,10,NA,NA,NA,"Nauluco",0,1,0,0,0,0,0,"Macua","Muslim",NA,NA,NA,"We_dont cut"
"464",NA,0,NA,"Male",TRUE,FALSE,12,NA,NA,NA,"Nauluco",0,1,0,0,0,0,0,"Macua","Christian",NA,NA,NA,"We_dont cut"
"465",NA,1,"Stayed the same","Male",FALSE,FALSE,10,NA,NA,NA,"Nauluco",0,1,0,0,0,0,0,"Macua","Muslim",NA,NA,NA,"We_dont cut"
"466",NA,1,"Improved","Male",TRUE,TRUE,9,NA,NA,NA,"Nauluco",0,1,0,0,0,0,0,"Macua","Muslim",NA,NA,NA,"We_dont cut"
"467",NA,1,"Worsened","Female",TRUE,FALSE,7,NA,NA,NA,"Nauluco",0,1,0,0,0,0,0,"Macua","Muslim",NA,NA,NA,"Dont_know_what_select_extract_is"
"468",NA,0,NA,"Male",TRUE,TRUE,12,NA,NA,NA,"Nauluco",0,1,0,0,0,0,0,"Macua","Christian",NA,NA,"I_participated","We_dont cut"
"469",NA,1,"Worsened","Male",TRUE,FALSE,0,NA,NA,NA,"Nauluco",0,1,0,0,0,0,0,"Macua","Christian",NA,NA,NA,"Dont_know_what_select_extract_is"
